0,1
trump tells netanyahu he would recognize jerusalem as israel capital world news,1
southeast shootout leaves NUMBER dead NUMBER wounded saturday night in HTTP barry farm area HTTP,1
nowplaying pipe it up clean on HTTP,0
check out partyman318 fr good tunez,1
love this song so much lt br keep em 39 coming,0
good point that would sure help,0
posted new photo to facebook HTTP,0
rt trumpmovementus venezuela jails opposition leaders in new crackdown on opponents HTTP,1
police search for florence robbery suspect HTTP HTTP,1
omg there search bar in everyone following and follower list on instagram instagram have no idea what you ve just done,0
everyone please subscribe to my channel or can you all just go look at my videos,1
why is no one pointing out that flynns calls were intercp amp transcribed yet clapper denied the issuance of fisa warrant obamagate cnnsotu,1
my 6th grade teacher looked exactly like katy perry come to think of it,0
business owner entrepreneur start up blogger reach 000 of people per day HTTP HTTP,1
shakira,0
its hard man so hard,0
consider myself student of life makemehateyouinonephrase,1
daltonrapattoni you are such role model for everyone and inspiration to everyone to keep there dreams alive your the proof its true,0
girl confessed to her friend my parents forced me to file false case HTTP,0
everyone please subscribe to my channel or can you all just go look at my videos,1
yomo log HTTP,0
agree they are just damn spammers they suck im trying to do the same and get known know the feeling will help you out and leave likes and comments on your page hope you could do the same and maybe subscribe to me that would be awesome thanks,1
check out this video on youtube br,1
this video will get to NUMBER billion just because of people checking if it has hit NUMBER billion yet,0
hey you check out the channel of alvar lake,1
world record youtube video views xd,0
sorry buddy hope you feel better soon,0
fuck eminem bieber is the best lt,0
wanna laugh please subscribe to our channel,1
john green HTTP,0
france clears jungle migrant camp in calais children in limbo world news,1
love the you lie the good,0
like me,0
love song,0
ouf ouf ouffffffffffffffffff,0
plz wilsubscribe me frndzzl subscribe back,1
waka waka,0
subscribe to me and wil subscribe to you back,1
check out this playlist on youtube,1
tomorrow,0
like,0
check out the new remix br click click,1
clinton us thrived with clintons in white house gopdebate stopthegop,1
restaurant store opens second baltimore area location HTTP HTTP,1
cool cool cool cool cool cool cool,0
tofeelbetteri protest,1
my friend sam loves this song,0
subscribe my channel please lol pro plays,1
congrats 50cent unit HTTP the underground artists of the month with NUMBER songs as most played listened per HTTP,1
turned it on mute as soon is came on just wanted to check the views,0
getting back from holiday and hearing from scouts that jasonjhuti played in goal at tournament sunday is this correct,0
don even know that song,0
islamic state claims suicide car bomb that kills more than NUMBER in iraq news,1
days in south beach,0
subscribe to me and ll subscribe to you must like czfcxsn0jnq,1
meadows casino cited for sending promotional mail to gambling addicts news,1
NUMBER billion views for this piece of shit,0
loved it so much because you get to stand fear,0
katy perry songs aren that bad,0
check out this video on youtube jjiwajwkajajqjaubkm,1
mother accused of leaving baby in hot car outside bar rejects plea deal news,1
the countdown is on NUMBER days until we play the beautiful courts of rolandgarros HTTP,0
pleas subscribe my channel gamezzmta,1
man 33 fatally stabbed in chest outside midtown restaurant HTTP HTTP,1
trump laments lack of gop unity but keeps up criticism HTTP politics,1
person hit by bart train trains not stopping at san francisco 16th street mission station HTTP,1
so done with him HTTP,0
memories,0
do you guys know there 39 part two of this song,0
shakira,0
best world cup song,0
my mama know don like her husband idk why she got me in this damn car take me home,0
puppies saved from fake dog rescue group ready for adoption HTTP HTTP,1
the funny thing is 700 000 000 of the views are spam bots mean mon NUMBER billion views bs,0
it more,0
the trump foundation scandal is about to go national as other states could follow the ny ag lead thedailybeast HTTP HTTP,1
HTTP follow him on twitch and enter the keyword 5800 and you ll have chance of winning really nice and expensive gun for csgo that you can sell on the steam market,1
124923004 wiews wow,0
marcustulliuscicero if you have garden and library you have everything you need quote,1
hillary clinton killed my friends ive known tyrone woods since NUMBER tej gill HTTP,1
this song makes me want to drink bleach,0
loving brighton planning our next ako fundraiser whoop HTTP,0
still in the swamps sure the city misses you come soon,0
mt freedomchild3 my sentiments exactly 2a wakeupamerica tcot HTTP cosproject pjnet angelemichelle,1
on eve of defining british eu referendum rivals race for final votes world news,1
see it all human folly right,0
HTTP php fbid 543627485763966 amp 0d878a889c,1
interview question why should we hire you HTTP sunderlandfutures getskills beastaratinterview,0
an arctic fox scream of joy this is how archer greets me fox HTTP look it sme,0
HTTP rar download and make money today,1
come and check out my music im spamming on loads of videos but its just to try and get my music across to new people,1
ilovemyfriendsbut ve made more friends from this hashtag than have in the real world,1
katy is mine the girl of my dreams,0
hate videos like these with those poor animals,0
topl rt ryanjensen2018 nyt is trying to cause chaos in the administration between trump amp pence they know they re losing,1
if you could take time amp spare min to read this then thank you br br im rapper if we 39 re gonna be honest theres thousands maybe even millions br br of those in the world but not too many with ambition dedication amp passion br br don 39 have money for huge youtube advertisements or incredible music videos br br so all im left with is comments to expose my music br br if you could take moment and give me chance ill make you believer br br would love nothing more than loyal following on youtube for anyone who br br reads this could you press the quot thumbs up quot others will see it br br doing so will help me push closer to my dream thank you,1
its funny because listen to rock and death metal but like this,0
meghan mccain blasts professor over reaction to soldier getting first class seat HTTP,1
niggas say this and be fuccin NUMBER hoes in the stands HTTP,0
roger999green fantastic shot lakedistrict thanks for sharing HTTP,0
rihanna pour it up vincent remix rihanna pour it up vincent remix rihanna pour it up vincent remix rihanna pour it up vincent remix rihanna pour it up vincent remix rihanna pour it up vincent remix rihanna pour it up vincent remix rihanna pour it up vincent remix rihanna pour it up vincent remix click subscribe,1
every weekend new lyric video of eminem here view like subscribe,1
suspected boko haram member arrested for hacking parents sisters to death in yobe HTTP,0
where the susan rice report in today papers ingrahamangle HTTP,1
what have you done HTTP,0
in ferguson NUMBER unarmed black people occupied blocked off street we got gassed sprayed and shot rubber bullets just reminder,1
yo new vid rt freedom HTTP HTTP,0
she is perfect wonder,0
rt johnsheltonusa political arrogance human events rt tcot ccot HTTP,1
ashle crooked hillary sends big money to fund the resistance HTTP HTTP,1
graffiti defaces HTTP church with no to wall and islam or die HTTP,1
go here to check the views,0
katy you are shit go die roar is floooooooooooooooooooop,0
update it happened saw him HTTP,0
subscribe me secret videos,1
hate marshall so much,0
you guys should check out this extraordinary website called HTTP you can make money online and start working from home today as am am making over 000 per month at HTTP visit HTTP and check it out the metal drews the reflective effect why does the expansion intervene the hilarious bit the sneeze witnesss the smoke,1
uthsc pharmacy dean named to national board business,1
chew with mouth open beunclassyin4words,1
may liberal author attacks trumps birther comments forgets one huge problem HTTP mayy HTTP,1
guys please subscribe me to help my channel grow please guys,1
mornin robin ty for givin us rippedcream luv this protein coffee creamer it heathy tastes amazing HTTP,0
amin HTTP,0
mobile beats profit estimates raises customer additions forecast tech,1
almost is never enough maybe we just weren right but that lie that lie taylor arianagrande justin music,0
facebook account hack HTTP,1
check out eminem latest track survival if didnt,1
NUMBER retweets and get bops pls HTTP,0
check out this video on youtube,1
every american should read today gettysburg speech by HTTP makes clear the choice between corruption and reform it is historic,1
if get NUMBER subscribers will summon freddy mercury ghost to whipe from the face of earth one direction and miley cirus,1
know someone will see this have dream don have the greatest videos or the best quality right now feel like not getting anywhere and need your help if you could possibly watch my videos it means the world to me please thumbs this up so others can see appreciate it so much please listen before you hate honestly appreciate it so much you don have to love me just give this NUMBER year old chance,1
awsome br,0
it mind blowing,0
like this comment then type NUMBER,1
this nigga littttt lmaooo HTTP,0
showcase for some of the fastest rising stars in the industry it merlin beats HTTP HTTP,0
help shakira 39 waka waka be the first song by female artist to reach NUMBER billion views br dark horse is ahead by roughly NUMBER million more views and roar has only NUMBER million more views br href HTTP,1
remember that torunament like it was today,0
csgohubgg are giving away an ossified skin today HTTP,0
why is mar lago being promoted on two state department websites HTTP HTTP HTTP,1
the bathroom scene got me squealing all in,0
love this song thumsb up to you,0
not bad,0
shakira love you,0
hey check out our new musicvideo 39 39 life 39 celebration 39 39 peace,1
omg,0
katy perry roar official HTTP love this song and video katy perry rocks wahoo,0
news january named human trafficking awareness month,1
HTTP,1
goood,0
share and like this page to win hand signed rihanna photo fb fans of rihanna,1
the winding path of the rock garden leads to the beautifully modern davies alpine HTTP,0
jarmadillos went little dark on this one,1
asking the hard hitting questions who the fuck is beebo new shirt this week only HTTP HTTP,0
mon katy you are so close to 14 000 000 subscribers come up with another hit like this and it will happen,0
driver flees minnesota police lands in wisconsin lake crime,1
show your auburn pride here HTTP,1
please visit our web HTTP,1
saw bernie sanders endorse hillaryclinton andthatswhenistartedcrying,1
if someone shows you their true colour don try to repaint them HTTP,0
HTTP its on there now enjoy the itunes version is amazing,0
love you,0
needed this HTTP,0
eli bad news for al gore world temp cooler than when he won the nobel prize HTTP elins HTTP,1
when asked if your execs show enough empathy usual answer is totally not well dunno show the team some love bill sapphirenow,0
posted new photo to facebook HTTP,0
hate naught cuz it not worth the time ihate because,1
thumbs up if shrek is gay,1
hello everyone my name 39 anderson and 39 singer not expecting to buy subscribers with words but to gain them with my voice might not be the best but my voice is different in good way and 39 ll work harder than anyone out there to get better 39 cuz quot yeah quot have dream huge one who doesn 39 so please take NUMBER minutes of your time to check out my covers give me chance you won 39 regret it if you feel like subscribing that 39 be awesome and it 39 mean the world to me thank you so much,1
every bady yust have good time,0
opposition candidate macri leads argentina presidential race poll world news,1
check out this video on youtube,1
in my opinion think you look better with black hair then blond hair,0
topnews virginia trooper badly wounded gunman dead in bus station shooting police,1
interesting satellite images showing changes in nang rong thailand HTTP,0
john kelly calls trump an idiot can magats just shut up about michelle wolf now,1
rihanna is so beautiful and amazing love her so much forever riri fan,0
dance,0
HTTP,1
she is perfect lt,0
it easier to fool people than to convince them they have been fooled HTTP,1
free begley seminar this thursday HTTP,0
shuffling all the way with lmfao like this one wish could shuffle like these crazy dudes,0
behold the most viewed youtube video in the history of ever,0
sale chalkboard toddler girl stickers toddler photo props baby age stickers HTTP HTTP,0
awesome show that thing off today let get close of up that frame job posteraddict,0
can 39 believe this just now watched brand new adult video clip with rihanna she has been screwing black basketball player check out her video right here if you wish HTTP,1
nice girl,0
hello brazil,0
mrhealing if it doesn work out in theatre for andres he has future in south korean pop HTTP,0
hi check out our awesome covers and say what you think,1
dumpdevos betsydevos trumpsamerica education HTTP,1
no it meant to insult me and distract HTTP,0
HTTP,1
hi guys please my android photo editor download thanks HTTP,1
alright ladies if you like this song then check out john rage he 39 smoking hot rapper coming into the game he 39 not better than eminem lyrically but he 39 hotter hear some of his songs on my channel,1
rel nofollow class ot hashtag href HTTP awesome rel nofollow class ot hashtag href HTTP share rel nofollow class ot hashtag href HTTP rt eminem love the way you lie ft rihanna href HTTP HTTP,1
all wanna do lately is sleep,0
check out this video on youtube,1
very nice,0
men hey hi hello hi want attention gimme attention pick me pick me women settle HTTP,0
do not the let hatred of people prevent you from being just thisisislam HTTP,1
don 39 understand this song have had the passion for women feel like im losing my mind but don 39 understand the ideas of loving the the way someone lies,0
san diego county unemployment rate slightly up local sandiego,1
the last week has been magic thankyou to all and everyone that made it unforgettable HTTP,0
it was cool the best song ever,0
artists tired of not getting found ready to grow HTTP,1
NUMBER days until summer HTTP,0
so cool,0
please check out my acoustic cover channel thanks,1
amir khan knocked out by canelo lvarez wbc middleweight title in pictures HTTP HTTP,1
its been proven time and time again that louis is always there whenever harry is shooting his part in music HTTP,0
huffingtonpost seems to me they just wanted to promote their new shop that all,1
wanna be savin something makemusicreligious,1
miss them so much tidescantputjacksdown,0
use it as ur mixer ye,0
cherokee nation files is granted emergency restraining order halting disposal of HTTP HTTP,1
napolitano uc hid 175 million while demanding money audit says HTTP,1
check out this playlist on youtube br br,1
subscribe,1
people who say that this song is too old now there no point of listening to it suck just stfu and enjoy the music so your mom is old too but you still listen to her right,0
HTTP esyest money ever join to our team,1
yo know nobody will probably even read this but gonna type it any way because hope at least one person will 39 rapper with dream know there 39 like 200k of those in this world but please check out my music and subscribe if you want thanks would love nothing more than to have decent following on youtube if anyone reading this could press the quot thumbs up quot other people will see it just simple button press could make my dream come true thank you,1
you guys should check out this extraordinary website called HTTP you can make money online and start working from home today as am am making over 000 per month at HTTP visit HTTP and check it out lake waratel misty exciting swoquix acaer chillpal tupacase arrowgance lively hard idiotic bored cool ablaze crabby aloidia cheilith feandra useless ploosnar,1
lil king bandit came up off double upz HTTP via youtube yo this dude is hot love me some king HTTP dude,0
park kyung inferiority complex official music video teaser NUMBER release date NUMBER NUMBER HTTP,0
subscribe me will subscribe you back,1
this past christmas my dad passed away to help me cope picked up pen and some paper and started to write little did know nearly NUMBER months ago that it would bring me where 39 at today over 7k subscribers and 500k video views just wrote and released song yesterday about friend of mine who has tried to commit suicide several times can 39 promise you professionally produced music but can promise real lyrics just click on my picture thanks and thumbs up so others may see,1
be voice not an echo smile beyourself music HTTP,0
wc softball clinches conference title HTTP HTTP,1
troyesivan we did it buddy troyesivan18 what did we do troyesivan we made your dreams reality troyesivan18 don forget about me,0
logic merely sanctions the conquests of the intuition jacques hadamard,0
hey guys 39 NUMBER cypher im NUMBER years old and rap is my life recently made my second album desire ep please take moment to check out my album on youtube thank you very much for reading every like comment and subscription counts,1
congratulations to all of the NUMBER penn graduates upenngrads,0
loool nice song funny how no one understands me and we love it,0
fucking love it omg,0
was playing this song and the baby in my belly started to dance to it sooooo cute but had to take the song out cause of copy right and add in youtube made song still sooo cute the baby danced to this song lmfao HTTP,1
as in minds as for the novel even bad novel requires the ability to attribute mental states to oneself and others,0
why dont see any comments but mine,0
love you eminem,0
watch out for this HTTP,0
lavern wilkinson daughter will finally get settlement cash newyork,1
if love rihanna subscribe me,1
dps office on gateway boulevard to close this week HTTP HTTP,1
won believe all that is being exposed HTTP via youtube implore americans to watch 10min thestorm followthewhiterabbit 842indictments jeffsessions sessionshearing clintons obama bushs rothschilds saudiarabia deepstate cia is being destroyed HTTP,1
almost NUMBER bil what wow gs sucks in my opinion,0
why does this have NUMBER billion views this song is so annoying,0
the troubled years for british asians 1976 NUMBER three pounds in my pocket with kavpuri HTTP HTTP,1
this fucking song like 39 oreo the only white part is the good,0
why are they 5million comments when there is only HTTP youtube users 5million fake account or psy hacked youtube,0
dallas keuchel looks to keep good times rolling at minute maid park sports,1
dirty congress approval tanks gt 10 attempts coup using taxpayer gope ignores mueller conflict crimes obama HTTP,1
confirmed according to grahamcawthon and thehistoryofwwe that it was 14 00 raw was live at NUMBER,0
how does this video have 127 322 484 views if there are only NUMBER million people on earth,0
how social media can boost or bust recruiting infographic HTTP,0
this song is better then monster by eminem,0
this awesome song needed NUMBER years to reach to NUMBER mil views while tango switch bitch needed NUMBER year its not fairrrrrrr,0
nice deo shakira good,0
just got word from the basedgod that the thunder will not be beating the warriors in the playoffs series durant is still cursed lil,0
cool song check out my animal trafficking petition br href HTTP,1
good morning beautiful,0
british colombia canada rt always appreciated tiffpenguin traveltuesday ttot travel HTTP,1
ching ching ling long ding ring yaaaaaa ganga sty fuck you,0
sanders stacks the commission with ringers like nomiki konst jeff weaver and nina turner because of their impeccable unity skills HTTP,1
best song ever,0
panama papers NUMBER things to know money,1
subscribe to my chanell,1
super music,0
excited for our visit to hepworthgallery this saturday currently foraging for wild garlic HTTP,0
subscribe to my channel please spare,1
eminem is the greatest artist to ever touch the mic,0
subscribe to span class proflinkwrapper span class proflinkprefix span class proflink href HTTP oid 104999962146104962510 supermariologan span if you thot the robot dudes epic and awsome,1
spiritdecharlie muslim who slashed ny cop with meat cleaver was deemed not terror threat after screaming allahu akbar outside synago,1
like this in 2015,0
who licks cone it more like NUMBER licks and NUMBER bites HTTP,0
three novels in the jesse mcdermitt caribbean adventure series are available in boxed set HTTP HTTP,0
rt annabd20 california ceo arrested for smuggling military equipment to syria HTTP via dailycaller,1
check out this video on youtube fb,1
hi we re twin melody 17 year old twins we did some covers we did cover of birthday by katy perry please just take NUMBER second and watch it thanks merci gracias danke obrigado grazie lt xx have nice day,1
chief of police shares story of officers praying after trump tweets picture HTTP,1
HTTP views awesome,0
that shake and that golden and black robot were really partying,0
eat like viking vikings feast from the sea sm marikina HTTP,0
big boys play with fast toys fact,0
top rt codyforliberty everyone in missouri better be ready to vote for my man ap4liberty in next year senate HTTP,1
besides our usual mvillesocialaction mondays speak all souls soup kitchen we have park avenue homework help more info in the blast,1
this is increidebl,0
hello guys found way to make money online you can get paid to mess around on facebook and twitter get paid upto 25 to 35 an hour only at HTTP work from the comfort of your home they are currently hiring people from all over the world for wide range of social media jobs on sites such as facebook twitter and youtube you don 39 need any prior skills or experience and you can begin work immediately you can easily make 4000 to 5000 monthly income only at HTTP,1
check out this playlist on youtube,1
sparta councilman former mayor charged with dwi,1
HTTP like this page yo,1
it been back for quite while now,0
was happy for HTTP,0
great show HTTP,0
just realized that this verses in this song have the exact same melody as the verses in hey ho by the lumineers,0
fema to open mobile centers for flood victims news,1
turn on the oven before put inside the turkey survivalguidetothanksgiving,1
they are being dragged kicking and screaming HTTP HTTP,0
this song is about rape and cheating br br br br br br br br br br basically,0
hiring hurdle finding workers who can pass drugtest via nytimes jeannieherer billmaher high times mag HTTP html smid nytcore ipad share smprod nytcore ipad,0
hey guys check this out kollektivet don be slappin my penis think that they deserve much more credit than they receive,1
thunderstorms today with high of 76f and low of 67f successrole weather mam8697,0
happy birthday nyteshade517 many happy returns of the day pal,0
is that megan fox,0
brazil airline gol extends deadline for bond exchange offer sao paulo may NUMBER reuters go HTTP via josephjett,1
bergdahl is really lucky he merely deserted now if he had exceeded the campaign finance limit HTTP,1
on speed boat exploring angthong island samui kohsamui sea travel traveling HTTP,0
please read this please am country singer who is trying to become someone so if you would like my videos please just type boys round here by country girl only on computer wasting all these tears HTTP please subscribe and like,1
kos sara diri depends on yourself jangan selalu ikut kawan sangat tu je live within your means the stalls around the college not bad,0
check out this playlist on youtube,1
good,0
NUMBER fire phoenix got7 HTTP jpg HTTP jpg HTTP jpg HTTP,0
fuckin love this song br br br after 39 sexy and know it,0
demndebate the longer we can keep the democrats out of the oval office the better off this country will be demdebate,1
it all coming clear trump didn collude with russia to influence election hillary colluded with ukraine to subvert election HTTP,1
you guys should check out this extraordinary website called HTTP you can make money online and start working from home today as am am making over 000 per month at HTTP visit HTTP and check it out lake victorious luxuriant alcoholic responsible unbiased yoffa ociramma ociramma handsome arrowgance mizuxe boaconic sophisticated ill fated spourmo chubby hioffpo probable singlewave,1
ineedalawyerbecause the idiot in front of me didn use his turn signal,1
check out my youtube channel can rap,1
topnews HTTP and japan takata settle over air bags nikkei,1
gun control capital chicago passes 500th fatal shooting of NUMBER HTTP,1
check out this video on youtube,1
got mine but simpsons sub won let me charge my dang phone,0
subscribe me pls emi nem fans,1
please subscribe am new youtuber and need help please subscribe and will subscribe back hoppa hoppa gangam style,1
tempting trouble tales the buckle buckles HTTP html spref tw wow check it out,0
hate hate my nose want nose job when older lol,0
katy perry am the cio cabelo decio hair am NUMBER years of age don have family single alone homeless was an alcoholic NUMBER at the age of NUMBER am an invisible composer my dream is to record my songs could you help me please please trust that the you will give me chance have NUMBER videos in the youtube deciocabelo canal katy perry was born in october 25 too thank you very much decio hair,1
suspected female isis suicide bomber leaves NUMBER dead bb4sp HTTP,1
ll save you adorable bulldog tries to save her favorite actor from bear attack HTTP,1
subscribe,1
how can there be HTTP views when im the only person alive after the zombie apocalypse greetings spoderman,0
loved this song when was in my teenage years,0
if you want to win money at hopme click here href HTTP HTTP it 39 work 100 100,1
like,0
you think you re smart headbutt your face,0
party time,0
what startups are saying about raising cash in latin america HTTP com 2016 rnrkd,0
uthornsrawk HTTP,1
state officials turn down presidential request for voter information HTTP HTTP,1
song in world even in 2015,0
potus president trump meets with generals dunford votel and thomas usmc usarmy deptofdefense macdill HTTP HTTP,1
huh hyuck hyuck im special who 39 watching this in NUMBER im from australia or something give me attention please im just rapper with dream im gonna share this on google plus because im so cool,1
5th most viewed video guess,0
my takedown of breitbartnews disgraceful attack on billkristol as renegade jew HTTP HTTP,0
psy is good guy,0
give it like,1
bts in HTTP,0
midcentury landmark in phoenix gets remodeled HTTP HTTP,1
jk rowling defends donald trump right to be offensive HTTP,0
not afraid to love afraid of not being loved back haysss,0
challengers aim to topple councilman mitch farrell over development HTTP HTTP,1
worldofhashtags giselleevns rejecteddebatetopics my first is in pea but not in canoe what am,1
honestly configured meraki mdm in windows10 windows10 mobile and ios in an hour while it took me week to get intune running,0
imagine azi as your midnight snack later HTTP,0
when teach writing do things like take classes to bars and race tracks to listen to dialogue robert stone HTTP,1
hey music fans really appreciate any of you who will take the time to read this and check my music out 39 just NUMBER year old boy dreaming of being successful musician in the music world do lots of covers and piano covers but don 39 have money to advertise simple thumbs up to my comment comment on my videos or subscription would be step forward it will only be few seconds of your life that you won 39 regret thank to all the people who just give me chance,1
quot help the humanity with your sign in to this link with your wholehearted support if you say quot no quot to discrimination united we stand we will bring the change together impossible itself says possible quot you are the winners of my success cheers to all my loving brothers and sisters please share this link on facebook to support against discrimination tinyurl dot com slash mxh2y77 fear none but god,1
come and watch my video it is called the odowd crowd zombie movie part NUMBER,1
lord HTTP,0
rt tallahfortrump there few thousand radical white supremacists there millions and millions of radicalized alt left,1
sports fsu picked to finish second miami third in acc divisions,1
this kenyan phillip ngatia has been confirmed dead iebcmustfall amerix ikeojuok HTTP,0
garvey HTTP,1
suscribe my channel please xd lol,1
please share and help to my friend HTTP thank you very much,1
travis cott announces astroworld as his forthcoming HTTP,0
this video is so racist there are only animals,0
that is megan fox,0
simply rap god,0
go check out eminem survival,1
love the way you lie driveshaft,0
every summer its so important NUMBER have some ride to somethin that go hard in the club this jus reminder got HTTP,0
mt bart 39 our constitution shouldn allow fed gov borrowing from foreign govts reinindc articlev pjnet HTTP,1
cm drramansingh told me that quintal of rice has been kept with each panchayat to ensure no one starves in the villages good step,0
love you shakiria,0
we fell inlove so unexpectedly,0
plz subscribe to my channel need subs and if you do will sub back need help,1
four beautiful couples will share their love stories with us this afternoon powerofloveja idahot2016 HTTP,0
alba liberals are now being forced to acknowledge the violent alt left HTTP albanis HTTP,1
love your songs eminem your the rap god,0
hey katycats we are releasing movie at midnight uk time to celebrate katy 30th birthday be sure to subscribe to our channel and watch the movie,1
bernie on the go HTTP,1
simply put our customers love us and so will you HTTP,1
lawd she got chocolate pop tart everywhere,0
check out this video on youtube,1
cm drramansingh told me that quintal of rice has been kept with each panchayat to ensure no one starves in the villages good step,0
hey guys love this but check out this girl name cause she knows how to dance so search up ej ba dancing,1
karceno why people are looking for anything to bring kevin hart down HTTP,1
good stuff HTTP,0
haha its so funny to see the salt of westerners that top views of youtube goes to video they dont even understand keep the salt up,0
phoenix reclaims title of 5th largest HTTP city HTTP HTTP,1
screw this chinese crap dont even understand what he is saying why isn he speaking english like everyone should,0
awesome,0
hi everyone this is cool check out sexy and know it,1
subscribe to me plz plz plz plz plz plz,1
want to learn more about the importance of gander while we may be small our role in the aviation world isn HTTP,0
watch maroon latest 2nd single from it was always you HTTP com watch tq046fuau00,1
check out this video on youtube,1
so spousal abusue cool that 39 great,0
shakira is best for worldcup,0
snow falls in nyc tuesday HTTP HTTP,1
wow NUMBER years br,0
tiffany looked so surprised HTTP,0
so proud of this new piece,0
NUMBER top tips to find your secret tanzania HTTP luxury travel HTTP,0
wolverton in NUMBER years apple had some big hits and some awful misses HTTP business,1
could spanish people understand this br br any way 39 how you doing subscribe to me brake things br br,1
gold potentially tracing out another bullish triangle as momentum remains positive HTTP,0
stop wasting up your time and get paid to mess around on facebook and twitter get paid upto 25 to 35 an hour only at HTTP work from the comfort of your home we are currently hiring people from all over the world for wide range of social media jobs on sites such as facebook twitter and youtube you don 39 need any prior skills or experience and you can begin work immediately you can easily make 4000 to 5000 monthly income only at HTTP,1
NUMBER and more,0
lmfao,0
check out this new video made called quot we love mind master it quot thank so much,1
once again flawless alisanporter you inspire me desperado the voice performance single by alisan porter HTTP,0
seven ways the industry tech conferences are modernizing the b2b experience HTTP HTTP,0
meet the richest online marketer now click HTTP,1
attorneygeneral know when realdonaldtrump was elected wanted no longer to go after hillaryclinton but human decency says you should HTTP,1
NUMBER yrs ago had health scare but thankfully okay realized wasn living life to the fullest now on mission to do everything ve always wanted to do if you found out you were going to die tomorrow would you be happy with what you ve accomplished or would you regret not doing certain things sorry for spamming just trying to motivate people to do the things they ve always wanted to if you re bored come see what ve done so far almost NUMBER subscribers and just started,1
inside former cub kerry woods lake geneva home HTTP HTTP,1
which should you lead with forced kiss grab the billy bush mr trump rejecteddebatetopics,1
man she is beautiful,0
well shit chloe me HTTP,0
pleas subscribe on me for ps4 games video br br if you have som tips so contact me on kik or skype br br kik pander26 br skype HTTP br br pleas subscribe on me and kashoo gaming,1
never gets old best song ever,0
earn money for being online with NUMBER efforts HTTP 14gkvdo,1
this song is like an oreo the black part is good but the white part is better,0
watch out now,0
best party song literally party rock is in the housee tonight,0
check out this video on youtube,1
omg poisoned turkey should never arrive to my town cuz kochfarms are gonna busted after that HTTP,1
but already have the rbc app can it do that,0
being paid to respond to fast paid surveys from home has enabled me to give up working and make more than NUMBER bucks monthly to read more go to this web site HTTP 1bsefqe,1
39 subscriber,1
how is this shit still relevant,0
hey guys my mom said if got NUMBER subs before christmas ll get kitten and always have wanted an kitten so please watch my videos and if you like it subscribe or like please no mean comments,1
horrifying story also chronicled by holleynews HTTP php HTTP,0
everyone please go subscribe to my channel or just loon at my videos,1
no exercise of any kind since the start of the campaign period so ate box of pop tarts,0
eric holder offends gold star families with latest take knee comments HTTP,1
sit on my mf face,0
sports lebeau hire turns tennessee into pittsburgh south,1
like this comment for no reason,1
trump insists he can reveal tax returns until after irs audit politics,1
like how the robot shuffles he shuffles good,0
djslimchances join us to celebrate the 50th anniversary of the black panther party macgregor park houston tx HTTP HTTP,1
south texas man sentenced for role in human smuggling ring HTTP HTTP,1
amritsar nurses accused kapil sharma know here why HTTP HTTP,0
the dudley boyz appearing on wwe ride along natbynature on emmawwe injury HTTP HTTP,0
myfarewellwordswouldbe loved the dceu and amber heard now dead amberheard queenmera mera justiceleague dc,1
fbi cia dhs wh told mcconnell it was clear foreign power was working to elect trump he killed action his wife got cabinet seat,1
nowplaying lady leshurr unleshed panda freestyle hiphop rap checkitout HTTP,1
aldermen halt emanuels plan to raise smoking age HTTP chicago,1
lmfao party rock anthem ft lauren bennett goo href HTTP HTTP br box man got some moves he makes meh smile,0
yeah let 39 start the party,0
the funny thing is that this song was made in NUMBER but it took NUMBER years to get to america,0
if you are person that loves real music you should listen to quot cruz supat quot br he is awesome as fuck just as eminem used to be,0
love this so much and also generate free leads on auto pilot amp you can too HTTP,1
stay strong louis tomlinson respectlouis,0
subscribe now love the song love football,1
guess ll go eat breakfast or something bc dont wanna feel sick all day,0
truth the idiocracy got suckered HTTP,1
thank you so much that really means lot to me,0
fuck it was the best ever NUMBER nummber of patrik kluivert his son share,1
thus used to be me except would go crazy HTTP,0
is that girl is megan fox,0
angiis lmao look at this embarrassingly small group of trump protesters HTTP HTTP,1
check out fantasy music right here gt the1fantasy good music man,1
man having baby sounds scary doubt ever be ready for that kinda thing can hardly take care of myself,0
my personal slide show HTTP,0
peoples of the earth have seen how you perform every form of evil at your leisure you cease not from reveling in that which hate behold you murder the innocent day and night and plot evil against your neighbor you stand up for the rights of those who commit abomination and clap your hands as wickedness is celebrated openly in the streets most perverse and abominable generation shall not repay hear the word of the lord trumpetcallofgodonline co,1
mountain view police seeking to id man who tried to steal cell phone news,1
could hear this for years,0
who df is lauren bennett,0
please report death threat against jews HTTP,1
what free gift cards go here HTTP,1
let me just whip up this artwork quick because this song is justinbieber majorlazer wow HTTP,0
while simultaneously revoking guidelines on kids bathroom choices saying they honour states authority on such issues HTTP,1
you guys should check out this extraordinary website called HTTP you can make money online and start working from home today as am am making over 000 per month at HTTP visit HTTP and check it out the cook officiates the tax the walk judges the amount why does the ink train the valuable increase,1
youtube comments in nut shell br br first br NUMBER club br skip to href HTTP and close your eyes br advertisements br like this comment for no reason br christianity arguements br other religious arguements br console wars br pcmasterace br trolls br quot how is there NUMBER million views on the this video if theres online NUMBER people on earth br complaints br pewdiepie fangirls br minecraft scrubs br montageparodies br br br and any other shit,1
friend of mine has invented big dick formula he had small dick inches and he did some research about this topic during the research he found out the secret knowledge of penis enlargement he applied what he had learned and now he has NUMBER inch dick he was absolutely amazed by his results of course it took few months therefore he has written book about this issue in order to help guys he asked me to promote his book so guys if you are interested and for more info check this out HTTP he is selling it for symbolic NUMBER thank you,1
benghazi mom patricia smith targets serial liar hillary HTTP american thinker pjnet HTTP,1
hey guys know its annoying getting spammed sorry bout that but please take moment to check out my channel im rapper with decent skills want to share my music with more people so take listen thumbs up so more can see this,1
believe that jesus christ is your savior for all your sins if you truly believe in jesus christ to be your savior for all your sins then you will go to heaven if you believe in jesus christ then you are saved and you are in salvation and you have gained god righteousness it matters not how much you have sinned in the past in the present and especially in the future believe that jesus christ is your savior and you will go to heaven forever and that is the whole truth spread the truth,1
days of our lives fans can expect some changes HTTP HTTP,1
check out this video on youtube opponents mm br br br br br,1
tap wearable keyboard that turns everything you touch into typing surface HTTP HTTP,0
what does that tattoo on her right tricep say,0
not NUMBER million view anymore,0
the one government employee that is truly non essential HTTP,1
spider bots in swarms could assemble building parts too intricate or expensive for human labor architecture HTTP,0
search intent signals aligning organic paid search strategy columnist jim yu explains how understanding HTTP,0
jin jk from whom will you get the kiss let do rock paper scissor suga let do that later rm taehyung ah you can kiss him later,0
the views they 39 re over 90 000,0
gets hit by car passerby are you okay me please need my phone opens twitter me lmfao yall guess what,0
fired tampa police officer accused of sexual battery during traffic stop HTTP,1
love it,0
NUMBER billions in NUMBER,0
out of control spacecraft plunges back to earth and burns up carrying 000 pounds of supplies HTTP,1
check out my remix to tyga 39 molly ft whiz khalifa peace and love,1
so beyond proud queens littlemix HTTP,0
academics think they should be running universities but don show any interest in doing so properly HTTP,0
not taking this guy into my foxhole stephenporterjr former HTTP state teammate rips russell wilson HTTP via sinow,0
graff for surrogate interest is beaking graff2016 HTTP,0
HTTP psy news off cal,1
HTTP,1
tech olympic committee starts anti doping proceedings against NUMBER athletes HTTP HTTP,0
search started for captain of beached boat on gulfport shoreline HTTP HTTP,1
shakira is the best,0
like it br,0
hey know most people don like these kind of comments amp see at spam but see as free advertising so please check out my cover of sparks fly by taylor swift it is not the best ever know but maybe with some encouraging words of wisdom from many of you can become better please go to my channel and check it out,1
subscribe me and requite,1
was born in the wrong generation,0
love you brent,0
this song sucks,0
diving into some makeup art today litcosmetics beglamorousbylindsay HTTP,0
hey its HTTP here 39 young up and coming rapper and wanna get my music heard know spam wont get me fame but at the moment got no way of getting little attention so please do me favour and check out my channel and drop sub if you enjoy yourself im just getting started so really appreciate those who take time to leave constructive criticism already got NUMBER subscribers and NUMBER views on my first vid ive been told have potential,1
can you fit,0
she an old whore,0
HTTP HTTP,1
shuffle,0
check out the new hot video by dante called riled up,1
HTTP,0
waka waka eh eh,0
is that megan fox,0
aye homies check out our remix to NUMBER cent your life is on the line we just started our youtube channel and we are all ways working hard give us some feed back on our latest song on what you guys think if you like show support,1
subscribe my chanel,1
very nice br yeah fucking,0
NUMBER if she got natural hair stick with her that loyal ass bitch you can trust perm haired twitter telling you,0
39 subscribing to you just because your comment was that great,1
testing je gais trust nobody gais makeupplus HTTP,0
disappointed HTTP,0
could you please check out my covers on my channel do covers like adele kodaline imagine dragons and more please if you could spare few minutes could you have listen to one or two of my covers feel free to comment and subscribe thank you,1
this comment is wrong,0
cuyahoga county republican party chairman rob frost warms to donald trump HTTP politics,1
omg people watched this video because there are NUMBER billion people in the world and NUMBER billion watched this,0
hey dickwad we 39 re all africans the colour of your skin just tells us something about how long ago your ancestors left africa check out baba brinkman he has song called quot 39 african quot go learn something,1
party rock due and duel,0
check out this playlist on youtube,1
you gotta say its funny well not NUMBER billion worth funny but still it clicked and everything went uphill at least you don have jb shit on,0
hillary is totally controlled by her donors and she will do whatever they say debate HTTP,1
follow my company on twitter thanks HTTP,1
katy perry will sit on my face please it would be really awesome and ll give you NUMBER dollars ok if you want to do this then please call me and subscribe to my channel first ok thats good and then sit on my face and ill get an erection then you sit more,1
nice song,0
HTTP,1
the great mother of the jungle sweet and natural like her videos,0
wolf plans veto of gop budget democrats say news,1
proud moment mahindrarise thankyoumahindra allhumdulliah HTTP,0
generousmsg has adopted orphans leprosy patients prostitutes transgenders etc as his own children thank you dr gurmeetramrahim ji,0
go check out our video,1
charlie heroin will do that to you,0
thumbs up if you think this should have NUMBER billion views,0
meet the journalist robin shulman pulitzer center HTTP via pulitzercenter canada refugees,0
new project for nlex please dreamscapeph abscbndotcom starmagicphils starcinema tthree keepsmiling alexa ilacad,0
yessss drag them blacklivesmatter HTTP,1
remember when debbie wasserman schultz threatened police chief HTTP HTTP,1
dallas police arrest NUMBER suspected of murder after chase HTTP HTTP,1
eminem love the way you lie,0
old video surfaces of bill maher defending sex with NUMBER year old HTTP,1
hells angels trois rivires bunker taken by the taxman HTTP HTTP,1
check out this video on youtube,1
otherwise occupied you sick son of bitch stoprush HTTP,1
the 9th circuit turns the entire federal court system into laughingstock enlist in the usfa at HTTP,1
hey 39 NUMBER year old rapper from texas don 39 rap quot pmw quot but promise my music will not disappoint search therealchrisking1 to find me and listen to my track quot memory lane quot just released my 3rd mix tape quot crown me quot and so far 39 ve had nothing but good reviews about it 39 not asking you to like or subscribe but just NUMBER view will help me catch my dream and if you could leave comment letting me know what you think it would be much appreciated also thank you,1
new goal 000 000 let go for it,0
what nicei,0
check out starlitnightsky channel to see epic videos,1
part NUMBER comforter of the afflicted pray for us help of christians pray for us queen of angels pray for us queen of patriarchs pray for us queen of prophets pray for us queen of apostles pray for us queen of martyrs pray for us queen of confessors pray for us queen of virgins pray for us queen of all saints pray for us queen conceived without original sin pray for us queen of the most holy rosary pray for us queen of the family pray for us queen of peace pray for us,1
make sure to protect your house from black bart survivalguidetothanksgiving HTTP,1
wow,0
NUMBER year since odd HTTP HTTP,0
topnews HTTP capital commuter chaos looms as safety checks close subway,1
hey join me on ts publishing platform where share my content now HTTP,1
my son love so much,0
who was in the bathtub with minhyuk,0
well this dudes faded the fuck out,0
if the nyt prints pablum why should the market for news keep it alive HTTP,1
check out my channel boys and girls,1
guitar hero had baby with your keyboard and it great HTTP,1
he didnt do that coburn says re walkers recall win the gop around the country did it for him they pulled him out of the fire,1
best song,0
yeaa im supposed to put the gap,0
ann coulter reveals her top NUMBER list of fake news sites cnn will not be pleased HTTP HTTP,1
sorry but eminmem is worthless wife beating bastard,0
NUMBER year olds be like how does this have NUMBER billion views when there are only NUMBER people in the world,0
amazing,0
fave song,0
hey guys plz check out my youtube channel to funny NUMBER girls NUMBER cup reaction thanks and plz subscribe thanks,1
check out this video on youtube,1
lissla breaking video multiple isis terrorists killed by spanish police HTTP HTTP,1
accurate HTTP,0
can somebody wake me up when we get to NUMBER billion views,0
pay for date HTTP,0
maybe no one will probably read this but just in case you do can you put quot thumbs up quot so others can see just started rapping seriously type in lunden NUMBER video just simple button can help my dreams come true people will ignore this but if you don 39 can you listen and subscribe thank you all god bless,1
hey mighties we have restarted the final round of the platform survey no take backsies this time promise HTTP,0
this has more views than queen and michael jackson NUMBER billion views omg,0
the sufferings of others daily inspiration from st faustina diary HTTP,0
can you imagine if hillary clinton was elected can you imagine how much devastation be done to the world with those two hags in power HTTP,1
hahaa this dance is tightttt br br know 39 all quot ain 39 got time for my demo man quot but check out some of my stuff br br slappers on slappers on bangers click that link below to peep game enjoy br br href HTTP HTTP,1
please check out my new song music video ad don 39 play,1
HTTP,1
emo band returns from the dead to be killed off again HTTP,1
wow she is sexy xd,0
good music,0
pleas subscribe my channel,1
most viewed video in the world,0
sheriff deputies seek two men pittsburgh HTTP HTTP,1
wanderfol is love or miusic,0
check out my channel,1
nokia spotted,0
39 watching this on summer 2015,0
have you tried new social network tsu this new social network has special HTTP can share the posts as well as on fb and twitter and even to ll get paid you can registr here HTTP,1
how do you forget you have choice and what the fuck surviving plane crash has 1000 chance of happening,0
happy mothers day to all the beautiful moms out there don have to give birth to be mom to someone who needs you sharethelove,0
its friday but sunday is coming resurrect the constitution now enlist in the usfa at HTTP HTTP,1
been working so hard for the past NUMBER days to improve been writing recording mixing performing NUMBER bars everyday im doing it for whole year 365 days today 39 on day NUMBER today work so hard now 39 doing NUMBER verses everyday to improve 39 going all the way to NUMBER please subscribe to my channel help me build fan base watch me improve help me get closer to my dream 39 lyrical and keep it real won 39 leave you down promise please subscribe please like this commment so people can see,1
news post video crowd chants lock her up when hillary clinton introduced at trump inaugural HTTP,1
and thou shalt love the lord thy god with all thine heart with all thy soul with all thy might deuteronomy,0
imagine if meet louis niall and danny all in the one day never gonna happen but imagine,0
is zillow valuable tool today tuesday morning debate is zillow valuable tool go read the article on HTTP,0
subscribe and like to me for more how to videos on minecraft,1
here to check the views holy shit,0
priincedivaio repping all the way from spain in the black ripped zipper jeans restocked now HTTP,0
10 bpd systemic failings exhibit refusing to follow seatbelt policy HTTP,1
check out my channel im NUMBER year old rapper,1
party rock lol who wants to shuffle,0
love the video,0
the song is sad,0
2a sectional NUMBER bracket host school in HTTP,0
isisamovie when harry stoned sally,1
you guys should check out this extraordinary website called HTTP you can make money online and start working from home today as am am making over 000 per month at HTTP visit HTTP and check it out lake ignorant wavefire reiltas astauand skizzle jovaphile swooflia grynn excellent slimy gabby nalpure lucky glozzom depressed better deep sinpad stereotyped toximble,1
check out this video on youtube,1
that is unusual allow us to look into this further for you email help HTTP with your info as soon as you have moment ap,0
mean we are all type of beasts in the other category just be the ugly adopted stepchild because am not blue,0
check out this video on youtube,1
can low level format floppy disk while you do that,0
if you have any information please contact daniel HTTP,0
check out this playlist on youtube tried,1
check out the new hot video by dante called riled up,1
subscribe to my channel,1
katycat HTTP php id 1461302180794905,1
miss this moment taeyeon HTTP,0
beautiful,0
check out this video on youtube,1
2015 llikee,0
dbarbosa17 thanks for following us join the discussion in the app ios at HTTP android at HTTP,0
download rapid facebook for free now HTTP,1
katy perry is lion,0
you guys should check out this extraordinary website called HTTP you can make money online and start working from home today as am am making over 000 per month at HTTP visit HTTP and check it out memory ferirama besloor shame eggmode wazzasoft sasaroo reiltas moderock plifal shorogyt value scale qerrassa qiameth mogotrevo hoppler parede yboiveth drirathiel,1
love it,0
definitely on geek mode today actually flashing new kernel and rom for my galaxy tab NUMBER hope there would be performance improvement,0
HTTP,1
charlie got off the island and dated megan fox but what about claire,0
like so much this music good,0
maybe the best music video in the last NUMBER years this is how pop music is done folks,0
its official trump just swore him in HTTP HTTP,1
check out my videos guy hope you guys had good laugh,1
feel like peer reviewing topnotch scientific research papers,0
her voice sounds weird and plus she 39 cute for blonde,0
at NUMBER subscribers 39 sky diving help me reach my goal lt br trust me 39 doctor,1
check out this video on youtube,1
to everyone joking about how he hacked to get NUMBER billion views because there certain amount of people or whatever he actually did buy views,0
with the whitest wave ever,0
cap NUMBER app monsta file season NUMBER HTTP mx countdown all in hyungwon lost ver HTTP,0
theives use baby to steal from valley gyms HTTP HTTP,1
really like this song,0
regardless of the fud out there big co and consumer companies are building tons of new apps with html5 for the app store like ionic,0
usnavyeurope ussmountwhitney departs gaeta italy to prepare the crew for baltops NUMBER HTTP HTTP,0
added video to youtube playlist HTTP istanbul they might be giants lyrics,0
sophia momodu denies being bounced from her daughter 1st birthday party HTTP HTTP,0
love this song up to the moon gt you are rocks,0
this song is racist,0
can get views and subscribers for no reason,1
check out this video on youtube,1
860 000 000 lets make it first female to reach one billion share it and replay it,0
black as race by design does not center white in the way gender sexual orientation etc can it creates an impasse in activist spaces,1
NUMBER views,0
check out this video on youtube,1
HTTP please click on the link,1
check out my hood doh by flixter nossnevs,1
stella is back after NUMBER years or maybe it 21 or 12 anyway they re back HTTP HTTP,1
hi everyone do you like music then why not check out my music channel the lexis band will be uploading their own songs and covers soon so don 39 miss out please subscribe too as it does help us out lot just takes one click gt,1
check out this video on youtube,1
everyone please come check our newest song in memories of martin luther king jr,1
it is shit,0
subscribe to my pagee please,1
supremesacrificeday thanks to all firemen and policemen for giving the supreme sacrifice every day,1
today tv tuesday is going to be all about spoilers and the lengths we go to avoid HTTP,0
please check out my youtube channel just uploaded my first youtube video please check it out you will not regret it,1
listen to ben howard conrad official audio lyrics by joytechi music np on soundcloud HTTP,0
file this under things to wear to protest to scare the out of riot police HTTP,1
want to win borderlands the pre sequel check my channel,1
and we should believe this coming from guy wearing an asshat HTTP,1
that moment on holiday early evening when people break down and start fighting on twitter again,1
now playingkimba sorzano sorry no second chances justin bieber adaptation soca 2016,0
every single moment we spend together is worth capturing worth remembering worth cherishing HTTP,0
if knew korean this would be even funnier at least bit at the end was in english but was spoken quite rapidly,0
in the running to win an iphone 6s from gipsy ninja giveaway join for your chance to win iphone6s HTTP,0
shakira,0
check out my new video,1
just coming to check if people are still viewing this video and apparently they still do,0
check out melbourne shuffle everybody,1
politics gov jerry brown urges fiscal restraint in state of state speech,1
lmfao is the best,0
love song,0
modi2019 NUMBER pms changing lives flick of switch modi power scheme HTTP HTTP,0
year old twins dead after wandering into missouri pond HTTP HTTP,1
dow milestones HTTP,1
hey everyone check out my channel leave like and subscribe please and if there is song you want me to do post the name in the comments and will get on to it thanks,1
fb event HTTP milano school of rope bondage for sex HTTP,0
sports nba referee kennedy tells yahoo he is gay after rondo slur,1
hey everyone 39 dakoda bigelow 39 NUMBER year old singer rapper and producer 39 ve gained over 490 000 views so far but really need more views likes and subscribers in order to make it check out my brand new music video for my song so gone also check out my new song called deaf few moments of your time would be greatly appreciated and you won 39 regret it please thumbs this up so more people can see it thanks for the support,1
check my channel for my new song static you ll love it,1
gooooood,0
check out my channel for rap and hip hop music,1
wheniwasyoung the world was better place,1
breakfast myoneworddistraction HTTP,1
iran frees HTTP sailors with start of nuclear deal in sight world news,1
video NUMBER therapy horses killed in suspicious barn fire HTTP HTTP,1
this video deserves 1b views,0
it was good would have liked more heat though HTTP,0
fucking auto correct that is not what meant lol,0
russia france agree on fight against isil HTTP HTTP,1
peplamb god is with us jesusourguide onenationundergod HTTP,1
can this channel get 500 subscribers you can make that happen,1
russia syria deal bans HTTP coalition aircraft HTTP HTTP,1
sorry we missed you here the link to the vid enjoy HTTP numulticultures,0
nicee sabrosura viva HTTP,1
the cuteness is HTTP,0
okay but jooheon though omgggg,0
this song is just insane br do you dance listening to this song do lol,0
check out this playlist on youtube br br br br,1
support the fight for your 4th amendment right to privacy in your home stop the nsa spying on americans with the un patriot act renewal rand paul has spent HTTP hours on the senate floor in protest and filibuster fighting for our constitution that this nation is founded on join the fight at rand paul dot com spread the word we have someone that cares about our nation email your senators congress men and women tell them to support rand tell the news to support rand too senator rand paul was up until href HTTP am this passed saturday morning fighting for our constitution buy postponing the vote until this week our constitution matters join rand in the fight to protect href HTTP HTTP to privacy in your home and business senator rand paul was up until href HTTP am this passed saturday morning fighting for our constitution buy postponing the vote until this week our constitution matters to all of us help rand protect it by joining the fright for it,1
super nice love musique,0
who got the money it campaign finance filing day politics,1
me and my aunt love this song,0
you guys should check out this extraordinary website called HTTP you can make money online and start working from home today as am am making over 000 per month at HTTP visit HTTP and check it out how does the war illustrate the exclusive space the mountain refers the helpless death the tax reviews the special music,1
chanhyuk said it doesn feel that exciting to go on long business trip far away and most importantly,0
teamhudson11 but john locke had said that can poop anywhere this memo is racist HTTP,1
check out these lyrics watch yuttx04oyqq,1
HTTP indeed we have adorned the nearest heaven with an adornment of stars HTTP,0
yoongi being HTTP,0
senmarcorubio can vote NUMBER man who doesn know the difference between legal immigrants and illegal immigrants HTTP,1
38 year old man shot in cleveland HTTP HTTP,1
and after the video ends NUMBER ft boa constrictor squeezes her to death,0
please vote for me for the wet seal model NUMBER contest my instagram username is destinyforever HTTP html,1
see video everything not lost coldplay HTTP HTTP,0
just said nvm,0
men stop being naive idiots believing in love and believing that women actually respect you want more fulfilling drama fee life check out mgtow there are many channels here on youtube that you can chose from which will give you all the information needed caution not for men who enjoy being disposable providers of utility,1
katy has conqueror haki gt,0
lincoln hills probe three more staffers placed on leave politics,1
hi guys check out my remixes thanx you 39 re great swag,1
nyc traffic makes it unlikely target for terrorist truck attack HTTP HTTP,1
still to this day wonder why this video is so popular illuminati confirmed,0
it should be illegal to be this goodlooking as this babe is,0
subscribe and win cap br,1
like gorlin goltz syndrome support community you are not alone HTTP,1
wolf plays me chogi kris ye xing de can not,0
subscribe me if you do that leave your name so can subs back,1
minhyuk looked so good wtfsismas,0
lebron business partner confirms nike paid more than billion for new lifetime deal HTTP HTTP,0
check me out all about gaming,1
this dog follows potus around the world could barackobama get any more pitiful unseal this scum records potus HTTP,1
check out my new mixtape check out my new mixtape check out my new mixtape check out my new mixtape check out my new mixtape check out my new mixtape check out my new mixtape check out my new mixtape check out my new mixtape check out my new mixtape check out my new mixtape check out my new mixtape check out my new mixtape check out my new mixtape check out my new mixtape check out my new mixtape,1
trumps proposal to ban muslim immigration makes less sense than gun control HTTP trump muslims guncontrol,1
greek bailout vote puts syriza party rebellion to the test news,1
like this comment guys just started up new channel if can get NUMBER subscribers by tonight ill do 20 paypal giveaway like this comment so your friends can see it or others and they can also be entered go,1
bitdch its fuckign gay im fuckign HTTP,0
woman stabbed transgender black man after he ordered her seat HTTP,1
check out this video on youtube,1
and HTTP check my channel and tell me what should do next,1
jan google employee goes off against forced diversity and its viral HTTP HTTP,1
vintage round neck tee and plain pleated skirt HTTP HTTP,0
check out my covers have video coming out please subscribe,1
nah go talk to your hoes since you dont wanna text back HTTP,0
your going to hear me roar soundsofsunday,0
check out my broadcast from my playstation ps4live dark souls iii live at HTTP,0
katy has the voice of gold this video really brings the lyrics to life am rapper with NUMBER subscribers thumbs up if you hate when you take shit and the water splashes your nuts,1
philippebachelier french self taught photographer passionate with black white which reveals details HTTP,0
gators rt you guys did great job filling the mac this season thanks gatornation HTTP,0
is soldiers are easy to kill joanna palani HTTP HTTP,1
came here because of vanoss,0
subscribe my channel,1
check out this video on youtube,1
party rock br,0
NUMBER dead in latest iraq violence explosions ripped through three baghdad neighborhoods on tuesday killing at HTTP,0
we need to get this to NUMBER billion views,0
hey music fans really appreciate any of you who will take the time to read this and check my music out 39 just NUMBER year old boy dreaming of being successful musician in the music world do lots of covers and piano covers but don 39 have money to advertise simple thumbs up to my comment comment on my videos or subscription would be step forward it will only be few seconds of your life that you won 39 regret thank to all the people who just give me chance,1
holt and clinton send signals during debate HTTP realdonaldtrump rogerjstonejr donaldjtrumpjr danscavino,1
you guys should check out this extraordinary website called HTTP you can make money online and start working from home today as am am making over 000 per month at HTTP visit HTTP and check it out lake busyglide sasaroo sore chillpal axiomatic naperone mere undesirable agreeable encouraging imperfect roasted insidious modgone quickest trelod keen fresh economic bocilile,1
hey youtubers really appreciate all of you who took the time to read this am just NUMBER year old boy who wants to be successful musician in the music world dont have any money to advertise my channel if you could just visit my channel comment on my video or subscribe that would be great it will only be few seconds of your life thank to all the people who just gave me chance really appreciate it,1
heatwave has claimed NUMBER lives suppose aap is saving the money it could have used for air cooled shelters for publishing obituaries,0
wow love it,0
omg that looks just like piece of the mirror of harry potter and the deathly hallows br either that house sirius black,0
add me here HTTP,1
fav,0
curti click here HTTP HTTP,1
and found it all of are ded HTTP,0
this is so cool why haven 39 heard this before,0
yess looking forwards to tonight episode lot,0
need money check my channel and subscribe soon will post how to get it,1
how to make lot of money fast,1
very good like,0
all know it open line friday on the rushlimbaugh program today from the limbaugh institute for advanced conservative studies,1
whose who are watching this in NUMBER like,0
rt ballotpedia deadline alert must register by aug NUMBER to vote in the cleveland primary for mayor amp city council HTTP,1
love this song,0
check out this video on youtube facebook lhudygirlamaya,1
general rv daily is out HTTP,0
check out this video on youtube,1
watched this because of the large amount of views and now am convinced it is because that girl is so hot,0
marriedatfirstsight why does sheila has to have the last word HTTP,1
arjunk26 your injury during the fighting scene NUMBER years of underrated aurangzeb,0
check my videos and subscribe and like plzz,1
informtheelectors that giftideasforpoliticians should included lie detectors every time they make campaign promise HTTP,1
real woman avoids drama she knows her time is precious she not wasting it on unimportant things,0
take look at this video on youtub br you,1
HTTP,1
your fucking bitch,0
so close to winning today woohyun deserves to win HTTP,0
love this song so much,0
why donald trump doesnt understand black life HTTP,1
great miracles often come in small packages only when we appreciate the little things of life do we see how much god has blessed us with,0
epa chief carbon dioxide not primary contributor to global warming HTTP,1
fox business dethrowns cnbc HTTP,1
reached balmy NUMBER in ottawa so no need to repeat yesterday bum warming car seats itsthelittlethings readyfora,0
subscribed it br,1
HTTP,1
br br br br br br you have been spooked by the spookinati br br share this to NUMBER people to be unspooked br br br br br br br br,1
check out this video on youtube,1
how to make the painful decision to fire somebody without having meltdown HTTP html,0
plz help me getting HTTP subscribers tonight today thanks to all who sub me,1
islamkills adopt year old syrian refugee and get free extra 180lbs and mustache or beard bullshit norefugeeswelcome,1
wow this video is the most viewed youtube video second that comes justin bieber baby smh what has the world come to,0
guess oakland missed the dnc memo that the election was over bernieinoakland feelthebern HTTP,1
check out this video on youtube,1
wanted to know the name of the guy that dances at 00 58 anybody knows,0
hahahaa idk pls dont judge me,0
waka waka,0
goot,0
check out this video on youtube,1
american typo mistakeamovie,1
omg facebook is old check out gt swagfriends com make thousands of cool new friends everyday join the movement,1
subscribe my,1
queen of corruption clintoncrimefoundation clintoncrimefamily hillary4prison trumppence2016 maga HTTP,1
like the mmph version better,0
hii youtube,0
eminem rap can be easy for boy but can do that,0
lucas zquez has been involved in NUMBER goals in NUMBER outings this season four goals NUMBER assists HTTP,0
subscribe to me for call of duty vids and give aways goal 100 subs,1
trans NUMBER twice fanacc tzuyu worst and best subject in school is HTTP,0
check out my covers please,1
NUMBER 753 NUMBER 421 gangnam style,1
check out this video on youtube,1
vote for katy for the emas katycats HTTP,1
HTTP sr digital text amp 3bie utf8 amp 3bqid 1408122684 amp 3bsr amp 3bkeywords knight amp tag wattpad 20 some people are very talented but some are more talented but there is no sponsor,1
the angry biebers maketvshowscanadian midnight,1
check out this video on youtube hjalp,1
awesome song ever,0
realtaeyang may your coming year surprise you with the happiness of smiles happybaebaeday HTTP,0
HTTP please check out my song looking for feedback and supporters,1
HTTP,1
really love watching football and also ve started off making income with out financial risk from acquiring bonus deals it this weird technique where you wager on something with one bookmakers and bet against it on betfair you secure the bonus as income chap named jim vanstone is finding the wagers free on his own website vanstone secrets google it ve made about NUMBER quid thus far and it is cost free guess the bookies pay him to obtain new consumers yet this actually works,1
these duck tacos are zingy enough to put some pep in your step come on in HTTP,0
hey subscribe to me,1
woman child hospitalized after truck loses breaks lands on top of car news,1
love it,0
some seniors even got married during their study years wowowowww,0
politics bush to welfare women in 1994 get husband,1
great video by great artist in katy perry admire her creativity check out our channel for no nonsense mobile tech reviews and comparisons as well as an iphone NUMBER and NUMBER plus review and comparison,1
once is enough twice is much,0
your pain and hardships do not define you but the way you respond to them can help mold and shape you,0
great music anyway,0
rather regret the things that have done than the things that have not done lucille ball please rt quotes,0
am big fan of you and love you,0
thought piece on new hp multi jet fusion process from addedscientific HTTP,0
HTTP,1
so aqa gave us the hardest gcse listening paper known to man had the nerve to include question on dealing with exam stress aqafrench,0
russia delivered NUMBER su 30mk2 fighter jets to vietnam air force 7th and 8th of totally NUMBER HTTP,1
so true,0
NUMBER lt,0
check out this funny video quot cereal box knocks out baby quot on my channel,1
recommend apple ipad 4th gen 32gb unlocked wi fi 4g HTTP white price 390 apple iphone NUMBER latest model 32gb black price 385 samsung galaxy s4 iv NUMBER with 16gb new white price 360 sony 60 inch 3d led hdtv price 510 all in one pcs apple macbook pro apple macbook air price 320 camera nikon d90 slr camera 18 55mm 55 200mm 32gb price 390 ultrabooks sony vaio pro NUMBER intel core i5 4gb 128gb price 515 purchase online website is HTTP,1
party in da tonight,0
how much it sucks to be sri lankan laborer working on beyonce new clothing line HTTP HTTP,0
in populist race billionaire and millionaire nominees business,1
if florida the sunshine state why it so hard to get solar energy there HTTP HTTP,1
im just to check how much views it has,0
hahahahah like vines subscribe to me for daily vines,1
no already saw this,0
HTTP out and share our songs,1
eminem the best ever,0
almost billion,0
she is fool this is foolish video the lyrics are all about her and how great she is she is arrogant obviously but the thing is that there are lot of idiots look how many hits this garnered the young stupid girls who listen to her are numbering in the millions guess this video is piece of trash why would anyone ever like it or listen to it because these stupid little girls have idiots for fathers and mothers and so they are going to turn into idiots also just like this stupid singer,0
check out this video on youtube,1
is in top NUMBER in youtube top views on NUMBER is miley cyrus HTTP,1
NUMBER nato allied exercises planned for this year list of the key ones available here HTTP HTTP,0
kaine clinton ignore 62 of americans who do not want more refugees clinton wants 550 more refugees than obama HTTP,1
check out this video on youtube,1
shuffle,0
also check out HTTP where do go now and road to recovery,1
dracula frankenstein saruman jinnah rasputin scaramanga more rip christopher lee an enduring screen giant HTTP,1
there is NUMBER bilion poeple on earth now stop being dumb,0
katy has voice of an angel,0
HTTP,1
trump slams gop traitor lisa murkowski HTTP HTTP,1
euro NUMBER violence spreads to second french city news,1
hillary clinton rides the subway with new yorkers politics,1
fragments of wwii plane found in middle tennessee HTTP HTTP,1
subscribe to me,1
islam has never contributed anything positive NUMBER america black slaves were not mussies calfreedommom drmartyfox HTTP,1
willy wonka and the chocolate yaktory yakattackamovieorsong,1
funny asfcuz they really just bodied this thoo HTTP,0
teamnotashamed teddybearcats63 yes and no we can affect what pops into our head by being careful about what we read watch do etc,0
traveled fifteen hundred miles to see you,0
brazil court lifts suspension of facebook whatsapp service tech,1
hayward the hero huge then finds gobert rolling for an easy layup jazz up 98 95,1
what great tweet you were in my conversation with god on sunday wow what super sunday,0
not inna mood at all,0
going to back away from social media for awhile,0
imagine this in the news crazy woman found acting like tiger and bit jims ear off,0
oh my god,0
can get me mad if ion give fuck lol it simple,0
check out this video on youtube,1
started hating katy perry after finding out that she stole all of the ideas on her videos from an old comic book yet her music is catchy,0
ilovethissong,0
NUMBER teens from brooklyn charged in raping of woman NUMBER,1
ken home going dumb on niggas,0
eminem new song check out my videos,1
san jose state student drowns in sequoia national park during school trip HTTP,1
suspect in fatal arnold shooting turns himself in news,1
fantastic,0
alden richards supports shirt to help advocacy for visually impaired children in baguio HTTP,0
mustlisten energetic edm track by power of interest called singularity gt HTTP HTTP,1
check my channel,1
this baby ain even NUMBER yet and she already cooler than HTTP,0
we were only NUMBER and didn realize the wisdom they were trying to put in our HTTP,0
looooooooove this song,0
wow justin bieber is better thats why when he buys medication he always shares with his half wited money alfred but sadly enough he is an attention hog with swamp ass and an eating disorder filled with sassy mice and flaming hot cheetos that he can eat with the power of the samurman,1
love her,0
grading the new orleans saints NUMBER nfl draft class HTTP HTTP,1
best rap ever,0
really love this video HTTP,1
awesome,0
youtube codytolleson for awesome videos ll subscribe back,1
cadens what house dems complain to fcc that mainstream media may be too pro trump HTTP canden HTTP,1
best way to overcome bad weekend is work bestteam f1testing HTTP,0
come check out our music channel go check out the song quot love me quot by HTTP if you do you are very amazing person thank you to all who check it out if you don 39 check it out you 39 re still an amazing person just for reading this post,1
had to tell barack obama to free gucci before he not the president anymore dwill 14 s00nerbred templar norris HTTP,1
michigan mississippi voters head to the polls politics,1
moraine valley community college designs classes only for black students obama divisive policy in action tcot HTTP,1
so now we know giuliani is paid surrogate as well as criminal conduit for fbi leaks HTTP,1
somebody asked me out of all the schools why skegee had to hit them with the facts,0
is that charlie from lost br,0
keep note of HTTP,0
featured video sdublilrocka zay nothing to lose ft daave jacob mathew HTTP via coast2coastmag coast2coast,1
like this comment if ur watching this on NUMBER,1
check out this video on youtube href HTTP HTTP eminem ft rihanna love the way you lie,1
plizz withing my channel,1
zah garner pretzel HTTP come outside yo mouth get you rocked like some designer shit,0
tnm musicfam new images of the black metallic air jordan NUMBER revealed the timeless air jordan HTTP tnmmusicfam,0
at least NUMBER dead in latest iraq violence cnn cnnat least NUMBER dead in latest iraq violencecnn cnn explosion HTTP,0
hey check out my channel please,1
and the foodie community rejoices nice chablis premier cru and it on like donkey kong HTTP,0
great pics from this year annual clinic barbecue at ccnm check them out HTTP ccnmlife HTTP,0
honestly speaking except taylor swift and adele don lile any of the modern day singers but must say whenever hear this song feel goosebumps its quite inspiring thanks miss perry,0
hey plz check out my music video thanks,1
katy perry is awesome,0
the movie winchester will be shot partly on location at the house and will be directed by austr HTTP,0
photo by roger stonehouse natgeo photo contest NUMBER HTTP,1
it happening,0
journeywithinbook hoping it to be as exciting as the journey home by the same author,0
e7m tab eh fe 3ala youtube NUMBER hour long disney music not songs la elmusic beta3 elsong ela7la ba2a enha piano,0
you are the music hero,0
the girl in the train who was dancing her outfit was so fucking sexy but the huge turn off was she lacked eyebrows,0
always love it when the teammate of an attacker leads the sprint to the line of the chasing group giro movistar,0
this was such an epic track and the video is awesome,0
check out this video on youtube,1
nice,0
wanna earn money online without investment just visit this link HTTP html,1
this song video is such trigger but it 39 just so good,0
why are you doing this to yourself coffee is life,0
like this steps,0
the saaaaaavvvvaaaaagggee austin garner at prom,0
topnews oklahoma medical examiner rules oilman mcclendon deadly crash an accident,1
the soccer gender pay gap is HTTP,0
happy birthday sis hope you enjoy wish you many more onyx,0
hay my is honesty wright am 12year old love your song thank you for makeing this song love this song so much sometime harts can get breaken people kill they self or go cazzy love you so much thanks keep on go make sure you doing your dream is comeing rule good luck,0
cool song ever good thing its here,0
it would have worked all year on every team everyone knows HTTP HTTP,0
dang dat little kid gat moves,0
shakira is my favourite singer wooooo,0
gotta stay in livingston now just to do this bomb ass prank for NUMBER,0
you know song sucks dick when you need to use google translate to know what the fuck its saying,0
my telephone,0
lolon god HTTP,0
you guys should check out this extraordinary website called HTTP you can make money online and start working from home today as am am making over 000 per month at HTTP visit HTTP and check it out the meat discusss the successful memory how does the peaceful unit arbitrate the guide the addition designs the worried loss,1
blame it on the sun this is HTTP,0
marketglory com strategygame andrijamatf earn real money from game,1
johnil lately johnny taeil HTTP,0
local news washington HTTP shrinks drone free zone,1
captain america civil war the best one yet HTTP captainamericacivilwar teamcap HTTP,0
did the refs miss 4th quarter travel HTTP,0
check out this playlist on youtube chcfcvzfzfbvzdr,1
former irving mayor joins trump team as hud administrator in fort worth HTTP HTTP,1
don neeeda call into work cause you the bossss,0
she 39 so pretty,0
build that wall HTTP,1
could spend so much money at target,0
check out em 39 dope new song monster here watch w6gkm xny2m mmlp2 ftw,1
didn matter still sleepy,0
that time in NUMBER where this shirt was cool,0
watch NUMBER of the best movie mistakes that ended up in the final cut HTTP uniteblue HTTP,1
do you need more instagram followers or photo likes check out HTTP and get em in minutes,1
please check out my video called quot we love mind master it quot thanks,1
cheltenham 80 million sewer problem HTTP HTTP HTTP,1
monday night football shines spotlight on national anthem protests sports,1
HTTP,1
you also don have to go that far down to see him not say anything about the bernie folks who also attacked john lewis,1
fml love the mv so much,0
our team was the best in middle school bra,0
itsriskyto bang chick not wearing condom would know,1
wikileaks if clinton becomes potus soros will be in control of shadow govt neverhillary HTTP HTTP,1
awesome,0
who the fuck cheats on megan fox,0
ladies gt gt if you have broken heart or you just want to understand guys better you should check out this underground book called the power of the pussy on amazon best book ever for us girls oh and just warning it 39 for NUMBER and over lol,1
new way to make money easily and spending NUMBER minutes daily gt href HTTP HTTP,1
every single types of face on earth,0
this should be fun,0
chat rewind is the seattle area changing for the better or worse local,1
with brashness certain problematical,0
this has had over NUMBER billion views holy shit,0
lock your radio in now HTTP fm in miami and keep it there,1
love shakira,0
vacation over obama looking at ways to reduce gun violence news,1
trump eases demand for border wall funds HTTP HTTP,1
lou teasdale posted this video of harry and friends singing happy birthday to matt irwin last year HTTP matt HTTP,0
hope your birthday is as wonderful as you are hannieryann,0
there is one video on my channel about my brother,1
if watching in NUMBER subscribe to span class proflinkwrapper span class proflinkprefix span class proflink href HTTP oid 104999962146104962510 supermariologan span,1
not that hard to be straight up with people,0
alive NUMBER lineup will be announced today stamford the downtown special services district will announce this HTTP,0
hello to everyone please check out my video watch 2b4wywphi8c it takes just NUMBER minutes hope don 39 ask too much if you can 39 help me just like amp share the video please so more people will see it thumbs up it would mean so much to me maybe will make my dream come true thanks to everyone god bless you all,1
love this the talents of eminem and skylar works well together,0
billclinton always kind of liked scalia HTTP HTTP,1
government can let smartphones be black boxes obama says nocybercensorship,1
myemmynominationwouldbe pain in the ass have to buy dress shoes get hair nails done socialize pick on someone else,1
HTTP like mee,1
to ben jerry HTTP,1
exactly didnt they rubbished the reports from sky italia last week,0
margotrobbie omg the perfect harleyquinn cannot wait to see this,0
huh anyway check out this you tube channel kobyoshi02,1
sucked my last pisces dry he was willing to do anything for me,0
thumbs up if checked this video to see hw views it got,0
the kind of person everyone should strive to be HTTP,0
newsflash re polling ordered in tenkasi assembly constituency on wednesday as the evm was not reset after the mock poll,0
shakira you are so beautiful you are lovely lively we love you,0
one of our new fantastic sponsors HTTP,0
free men do not ask permission 2a nra gunsense pjnet tcot tgdn ccot rednationrising teaparty,1
enough with the whole how does this have two billion views if there only NUMBER million on the planet we get it you re joking it not funny anymore,0
HTTP,1
resting isn form of quitting it means that you ve worked so hard you ve pushed yourself to your limit so good job,0
love you katty perry lt,0
retweet rt rt america to maga HTTP NUMBER HTTP HTTP,1
here is the second of NUMBER epic certified roles am hiring for please send me current resume if you are epic cer HTTP,0
hello guys found way to make money online you can get paid to mess around on facebook and twitter get paid upto 25 to 35 an hour only at HTTP work from the comfort of your home they are currently hiring people from all over the world for wide range of social media jobs on sites such as facebook twitter and youtube you don 39 need any prior skills or experience and you can begin work immediately you can easily make 4000 to 5000 monthly income only at HTTP,1
amms liberal rag wonders if HTTP should shoot down HTTP missiles in self defense HTTP amis HTTP,1
lets be honest you wouldn last NUMBER day on your own in the jungle stop living fairy world,0
hello from russia comes to the channel subscribe,1
check out this video on youtube,1
hi im NUMBER year rapper support me guy and check out my channel and check out my song you might like it also follow me in twitter mcashim for follow back,1
don mind me just checking what the views are up to,0
little psy only NUMBER months left tumor in the head we will miss lt,0
central bank holds intervention session HTTP,1
shakira are so wiredo,0
don be afraid to go out on limb that where the fruit is jackson browne,1
daily reminder that hillary suffered brain injury so severe she used it as an excuse not to answer fbi questions HTTP,1
what you wanna do HTTP,0
dupont fabros technology inc announces closing of public offering of series cumulative redeemable perpetual HTTP,0
oppa gangnam style,0
agent of jesus confirms that palmeiras have 40m clause for his client there no offer on the table HTTP,0
got NUMBER problems but it okay allah has unlimited answers,0
HTTP bing rewards earn free money and no cant get ur virus in blue,1
am 126 492 636 viewer,0
check out my youtube videos for funny and cool rap,1
so buzzing to hear our little champ leesjourney1 beat cancer what true fighter and inspiration to us all HTTP,0
the new makeup transformation with integrated look like feature now available in ver HTTP do you know who you look like install or update your version of makeup transformation HTTP or visit google play,1
check out this playlist on youtube,1
thousands attend race for the cure to continue mother day tradition in philly HTTP HTTP,1
ve not done everyone yet tweetit,0
amnesty mehriban aliyeva presents amnesty act to parliament mp mehriban aliyeva has appealed to the azerbaijani parl follownewsnow,0
if jones wins this the media better not say nothing but thank you to black women alabamasenateelection,1
check out my new mixtape check out my new mixtape check out my new mixtape check out my new mixtape check out my new mixtape check out my new mixtape check out my new mixtape check out my new mixtape check out my new mixtape check out my new mixtape check out my new mixtape check out my new mixtape check out my new mixtape check out my new mixtape check out my new mixtape check out my new mixtape,1
check out this playlist on youtube pl,1
HTTP mcmaster stated radical islamic terrorism was not helpful because terrorists are un islamic sounds like,1
youtube collaborator 39 anyone subscribe to me 39 ll subscribe back also will start uploading more youtube videos rel nofollow class ot hashtag href HTTP lmfao,1
shakira is perfect,0
big day wethenorth yyz thesix sunset skyline the six HTTP,0
mgt happy with my gains here congrats mgt money makers,0
this song means so much to me thank you soooooooooooooooooooooooooooooooooooooooo much xxx,0
russia faces may deadline for olympic return sports,1
realdonaldtrump was considered not nice regarding paris brussels comments months ago wakeupamerica HTTP,1
shakira song waka waka,0
NUMBER reasons not afraid to use trans friendly bathrooms dr julie hanks lcsw NUMBER reasons not HTTP,0
still amazing this song did french kpop parody please come on my channel to watch it share suscribe comment thanks,1
check out my cover of love the way you lie please,1
what my gangnam style,0
may is nationalwalkingmonth so start planning your next ramble yorkshire dales nidderdaleaonb HTTP,0
her voice is so wow,0
xdannyxbrownx is throwing free show in brooklyn next week here how you can attend HTTP HTTP,0
warfareww HTTP ref to sources dm of saudiarabia prince salman appealed to paris with request HTTP,1
HTTP,1
anybody else here in 2015,0
best world cup offical song,0
NUMBER in NUMBER trip milan italy to oman singapore and malaysia for only 396 roundtrip HTTP HTTP,0
memories flood back like photographs all bright and out of focus all drab with muted HTTP,0
please help me give my son grave HTTP or please just share it on your fb page do not have one anymore,1
love your songs br supper cool br,0
watch vtarggvgtwq check this out,1
check out this video on youtube lo,1
once again selling es pops in theme its like bid bid bid and then bid is gone,0
ankara prosecutor launches investigation into novartis turkish tv health,1
cute,0
ve made two decisions fighting you re mine authoralocke sacrifice is now in ku mustread books HTTP,0
aldotcom leaves whole player out of the headline but hey they made it HTTP ssf 2016 05 HTTP,0
its almost katys birthday october 25th lets say happy birthday to katy,0
check out this video on youtube,1
call bs democrat rep claims nra becoming domestic security threat breitbart HTTP maga trumptrain nra pjnet,1
beautiful song,0
the senior trip was lit my favorite people HTTP,0
it is NUMBER zero,0
sigmon val foxnews realdonaldtrump haha right,1
black ass living in caucasian home HTTP,1
just superr,0
reminds me of this song HTTP,1
un rights chief urges turkey to uphold rule of law HTTP,1
more charges filed in connection to NUMBER shooting at st charles park HTTP,1
top rt alozrat john mccain susan collins and lisa murkowski betrayed we the people john mccain consistent traitor skinnyrepeal,1
rihanna looks so beautiful with red hair,0
sub me if you dont like the song,1
psy gangnam style HTTP,0
greg was silly bill was crazy and andy was acerbic together they were entertaining as hell HTTP,1
attention reserved tailgaters you only have two weeks left to renew your spots for the NUMBER football season HTTP,0
beloved dog found skinned HTTP news,1
are those real animals,0
nj4sanders2016 ibelievengood steelhead67 standup 1776 why should care americans die everyday that what bothers me,1
music tonye tysings don you worry dontyouworrybytonye HTTP,0
you think he actually believe this or is trolling we re gutted we didn win the league he celebrating 2nd HTTP,0
aeieducation review of whatworksed rcts we need more nuanced and thoughtful approach to evaluating curricula HTTP,0
don want to live in this world anymore HTTP,0
our founders gave us the power of check balance against gov by our vote voter fraud has stripped us of our power our gov knows it too,1
terrance thank you for serving our country how do quot like you quot or quot subscribe quot,1
imam who led uk parliament square prayer is pro al qaeda terrorists railed against jews HTTP HTTP,1
blog top smartphones to look forward oppo r9 on HTTP HTTP via itimestweets,0
explain joshuadun HTTP,0
hot hot,0
plz check out fablife welcome to fablife for diys and challenges so plz subscribe thx,1
hey youtubers really appreciate all of you who took the time to read this am just NUMBER year old boy who wants to be successful musician in the music world dont have any money to advertise my channel if you could just visit my channel comment on my video or subscribe that would be great it will only be few seconds of your life thank to all the people who just gave me chance really appreciate it,1
hav absolutely no idea what he saying is it even language,0
to whoever made HTTP,0
beautiful and meaningful signs at the sciencemarchnyc sciencemarch HTTP,1
let get this video to one billion views,0
the malibu with the cloth seats like drake lol HTTP,0
but this chick is rude why add heels to the whole equation HTTP,0
HTTP,1
me shaking my sexy ass on my channel enjoy,1
port of oakland cargo operations hit by labor management dispute HTTP business,1
eminem and rihanna sing the song very well,0
reading time on artists was nice now time for hulu for cinemacked on the couch,1
href HTTP HTTP,1
burn victim mom admits she lied about fatal ny fire HTTP HTTP,0
me after being gone week from HTTP,0
eye of the tiger am the champion seems like katy perry is using titles of old rock songs for lyrics,0
facebook is lame and so 2004 check out swagfriends com make thousands of cool new friends everyday join this new movement,1
like this song because of all the animals and like this song,0
steelworkers continue to picket without pay during holidays news,1
aftenoon,0
suho trained for NUMBER years became single parent who took care of his NUMBER gay sons but ppl still talk trash abt HTTP,0
damn this was everywhere,0
dont even watch it anymore just come here to check on NUMBER billion or not,0
,0
at least she didn get rid of her completely useless makeup,0
hate HTTP,0
maybe once in the rapping singing sense rt arlisdonotchill ve never heard anyone say this ever in my life HTTP,0
blue eyes can be trusted uranus bless america,0
hey guys know you wanna skip over this but please take chance and check out my music 39 young up and coming rapper with big dream and appreciate constructive critisism so please have look thank you for your time,1
ima rapper trying to get notice please check out my mixtape HTTP php id 633807,1
eminem is ginius stop,0
woohyun almost win and he was leading for sometimes but in the end he lost scrolling the timeline got me like HTTP,0
brothers get prison for homeless immigrant attack they said trump inspired HTTP HTTP,0
there are beautiful songs please subscribe,1
as of may 17 NUMBER at 04 04pm NUMBER gbp equals HTTP usd currebcy,0
trap brim true1956 free the big bro 2tuff,0
recommended read on medium artificial intelligence in the classroom HTTP,0
hq ys vi napishtim opening youtube HTTP,0
this is getting old,0
ahhhh lots of new followers again there are too many to link which is awesome thanks guys HTTP,0
shakira waka waka br love this song,0
please subscribe in my channel,1
check out this video on youtube,1
hey everyone please take moment to read this work my ass off hoping to make it into the music industry but its hard to get people to hear you when you don have money for advertisements and exposure am young artist who has dreams and goals like everybody else please take NUMBER seconds and visit my channel you don have to like me just give me chance to prove my talent also please take just NUMBER second of your life and thumb this comment up it would be super helpful,1
this is perfect HTTP,0
ahhh back when my life didn 39 suck,0
love this song,0
first they were fighting then they were making out,0
god she is so hot,0
no big shift in HTTP flood patterns despite climate change study environment,1
everyones back lool this is almost NUMBER years old and people are still hear xd,0
love these guys love the song,0
check out this playlist on youtube,1
guess the winners are always so predictable this is how they keep the program exciting,0
may be smiling but deep down inside hurting lot,0
china xi says vietnam ties can survive disruptions news,1
all need is you juice wiz and liam payne my etern payno,0
check out this playlist on youtube,1
best song ever made swear still hear even doe it old who else,0
fire,0
worldbadmintonnews video HTTP,0
they said this video are not deserve 2billion views while they keep visiting it to watch the viewer,0
hey again if you guys wouldnt mind chacking out my rap give it like and il giver NUMBER of your vids like,1
chelseaclinton hillaryclinton many remain we the answers ur dad committed adultery ur mom covered rapes amp people suspiciously died HTTP,1
please read hey everyone 39 NUMBER year old student who loves to sing record and upload covers on my channel would love if you could check them out just give me chance you don 39 have to thumbs up or subscribe but you can if you like what your hear just listen 39 really appreciate thank you for your time,1
likeeeeeeeee,0
john take good wins and one bad loss cavs beat oklahoma city by NUMBER points HTTP cleveland sports,1
check out this video on youtube,1
draintheswamp trumptrain maga potus resistance HTTP,1
love katty perry,0
good party,0
who else would give katy perry good old mighty roar,0
mari rosie got in feud with trump supporter scott baio and got owned HTTP mar HTTP,1
hi guys check my youtube channel,1
just like that,0
mother friend accused of having young sons shoplift for them news,1
pope tells HTTP and cuba to push detente further news,1
se wis road construction projects wisconsin,1
nice,0
2010 the time past so fast,0
hey guys can you check my channel out plz do mine craft videos let shoot for NUMBER subs,1
NUMBER brilliant business notebooks we call worthy HTTP HTTP,0
where can find myself this type of girl HTTP,0
and the three branches aren allowed to talk to each other or to hope that attitudes can cross branch lines,0
realdonaldtrump gave dollar to homeless guy and he still hasn pledged everlasting loyalty to me bad,0
love song,0
could finally do the spongebob but started yesterday xd,0
bttrcrmbakeshop is now open in shaw here are NUMBER fun things we learned about it HTTP HTTP,0
new level NUMBER evacuations for tower fire in the big meadow and squaw valley area in washington HTTP,1
el cajon police shooting wasn right family friend HTTP news HTTP,1
check out this video on youtube br br love this song it 39 all good will never go back that but 39 ll always remember the passion but never want to go back to being dysfunctional insanity goal is to live happy not live insane,1
jeffgohogs are you on drugs,1
since she is feminist champion why would she want to reinforce the stereotype of girls being girly by painting the nails of an elephant that probably wouldn even appreciate it,0
sometimes we just say just want you to be happy but deep inside in our hearts we know we still want to be their happiness,0
politics virginia gov under fbi investigation,1
check men out put allot of effort into my music but unfortunatly not many watch it,1
this jap is such piece of shit he is such worthless fish head dont know how any one likes this dumb untanlted gook this isnt even fucken music this is so fucking sad that this is even such thing people are so fucked up,0
the first comment is chuck norrus ovbiously,0
lovee it,0
boxing day hashtags driving me crazy enough christmasaftermath,1
this video is very inaccurate tiger would rip her face of,0
know real crips and nigga you are not NUMBER savagemode,0
this song is so beauty,0
HTTP,1
